-- admin - admin, editor - editor, Ilya - 1234
INSERT INTO USERS(ID, USERNAME, PASSWORD, ROLE)
VALUES (1, 'admin', '$2a$08$tpmF.ZPvokZ6AaDgHcks0eMOAyVul0InLlPgonFacoGsnGU8POKsS', 'ROLE_ADMIN'),
       (2, 'editor', '$2a$08$QhEg/GMl/ZhlDIUAxsHc6.e.FdfZCP8gxbrwqgN5Ex7jYZ/CDaShW', 'ROLE_EDITOR'),
       (3, 'Ilya', '$2a$08$eRpDPl2fwz4LwNanuwKGEujdC6DHz1uyfaPTBRPIbTaFUUGf14Zym', 'ROLE_READER');

INSERT INTO GENRES (ID, NAME) VALUES (1, 'Роман');
INSERT INTO GENRES (ID, NAME) VALUES (2, 'Повесть');
INSERT INTO GENRES (ID, NAME) VALUES (3, 'Рассказ');
INSERT INTO GENRES (ID, NAME) VALUES (4, 'Поэма');
INSERT INTO GENRES (ID, NAME) VALUES (5, 'Стихотворение');
INSERT INTO GENRES (ID, NAME) VALUES (6, 'Повесть-сказка');
INSERT INTO GENRES (ID, NAME) VALUES (7, 'Сказка');

INSERT INTO AUTHORS (ID, FULL_NAME, BIRTHDAY) VALUES (1, 'Толстой Лев Николаевич' , 1828);
INSERT INTO AUTHORS (ID, FULL_NAME, BIRTHDAY) VALUES (2, 'Толстой Алексей Николаевич', 1883 );
INSERT INTO AUTHORS (ID, FULL_NAME, BIRTHDAY) VALUES (3, 'Пушкин Александр Сергеевич', 1799);
INSERT INTO AUTHORS (ID, FULL_NAME, BIRTHDAY) VALUES (4, 'Лукьяненко Сергей Васильевич',  1968);

INSERT INTO PUBLISHERS(ID, NAME) VALUES (1, 'Просвещение');
INSERT INTO PUBLISHERS(ID, NAME) VALUES (2, 'ЭКСМО');

INSERT INTO BOOKS(ID, TITLE, AUTHOR_ID, GENRE_ID, PUBLISHER_ID, PUBLISH_YEAR)
    VALUES (1, 'Война и Мир', 1, 1, 1, 1990);

INSERT INTO BOOKS(ID, TITLE, AUTHOR_ID, GENRE_ID, PUBLISHER_ID, PUBLISH_YEAR)
    VALUES (2, 'Анна Каренина', 1, 1, 1, 1991);

INSERT INTO BOOKS(ID, TITLE, AUTHOR_ID, GENRE_ID, PUBLISHER_ID, PUBLISH_YEAR)
    VALUES (3, 'Аэлита', 2, 1, 1, 1992);

INSERT INTO BOOKS(ID, TITLE, AUTHOR_ID, GENRE_ID, PUBLISHER_ID, PUBLISH_YEAR)
    VALUES (4, 'Приключения Буратино', 2, 6, 1, 1993);

INSERT INTO BOOKS(ID, TITLE, AUTHOR_ID, GENRE_ID, PUBLISHER_ID, PUBLISH_YEAR)
    VALUES (5, 'Евгений Онегин', 3, 4, 1, 1994);

INSERT INTO BOOKS(ID, TITLE, AUTHOR_ID, GENRE_ID, PUBLISHER_ID, PUBLISH_YEAR)
    VALUES (6, 'Сказка о Рыбаке и Рыбке', 3, 7, 1, 1995);

INSERT INTO BOOKS(ID, TITLE, AUTHOR_ID, GENRE_ID, PUBLISHER_ID, PUBLISH_YEAR)
    VALUES (7, 'Ночной дозор', 4, 2, 2, 2000);

INSERT INTO BOOKS(ID, TITLE, AUTHOR_ID, GENRE_ID, PUBLISHER_ID, PUBLISH_YEAR)
    VALUES (8, 'Лабиринт отражений', 4, 2, 2, 2001);
